"x","y","temp","humidity","windspd","winddir","rain","days","vulnerable","other","ranger","pre1950","heli","resources","traffic","burned","wlf"
7.83446700453647,8.30680137526528,99.5069643504121,65.9407039443463,7.61452313247641,"W",3.68513689784789e-05,127,1157.37716053613,0,0,1,0,117.067075952329,"med",791.620319043316,0
2.69492159220879,3.55193260769635,69.887657017003,31.8950450303491,6.53418352579032,"E",3.99525995336194e-05,115,1134.42968916856,0,1,0,1,127.598018759712,"hi",451.951897628822,0
6.49818608611146,4.10611093871246,91.1529302272636,57.606073292844,11.5809645310477,"SE",4.11000332597514e-05,119,1209.60306777835,0,0,0,1,132.273678645013,"hi",584.451360687298,1
8.7508413936029,8.88799544398544,54.3605928436591,46.1667198525224,15.3833511751079,"E",3.97129964643379e-05,112,1118.6916308795,0,0,0,0,116.482608728202,"hi",589.681583651364,1
9.20021048002746,9.8101470402303,77.4427912965006,25.4909451722666,7.09663897274194,"NW",4.53710398384154e-05,146,1319.23768689243,0,0,1,0,136.521750333245,"lo",1010.56705781418,0
4.38952894199347,6.84222917851533,80.1520440465521,46.3613835243861,8.40363447228472,"NE",4.29051488096138e-05,118,1185.51282853245,0,0,1,0,121.463627154923,"lo",776.507913042645,1
8.32975930260932,6.2568419488735,71.1995391035148,46.6936784277025,10.8461375216167,"S",3.70914581643017e-05,107,1096.0589032272,0,0,0,1,118.138558543043,"hi",602.113101867455,0
12.7762813006189,7.10212040850507,59.3581984503962,26.2084632340227,17.3698556129022,"NW",3.80805856065219e-05,110,1081.69663945261,0,0,0,1,119.78124290989,"med",518.983710884687,1
7.85953357816892,7.43114346949965,83.9656763313787,53.4150162208408,12.7232451980561,"SE",4.43808005916302e-05,140,1314.09200446825,0,0,1,0,133.08109624071,"hi",915.610681776021,1
9.25716532333075,13.7645033882971,69.3156622376892,28.6850121509523,13.8833880808393,"N",4.55381642744206e-05,132,1277.51923709048,0,0,0,1,136.546168129372,"med",881.087139328403,1
12.5863810533119,9.42931364745735,79.9671801995321,36.4854310368255,9.4754274761058,"NW",4.19507927225344e-05,130,1225.63329249866,0,0,0,1,140.161648476534,"med",778.276525803524,0
7.2392223094797,8.25840150134448,93.6354102842581,40.8359702275586,14.3572643579049,"SW",4.32313717834422e-05,114,1153.9577763483,0,0,1,0,120.814828329497,"lo",675.466527806597,0
5.38458094951153,4.48047951584883,71.5049222036081,52.2862711585875,1.0910954951489,"SE",3.58658794107298e-05,107,1061.48485677637,0,0,0,1,120.185115507214,"hi",453.323682802919,0
9.49673490156525,13.3123407763452,71.9582411692722,26.2776243164206,5.63238257252069,"N",4.73799995029789e-05,148,1354.74393415744,1,0,0,0,118.357155487044,"hi",1245.09284191473,1
10.1672342287809,9.22271330730171,94.4154039862301,51.5724770101202,2.68242874795446,"NW",4.43400814119895e-05,155,1432.29956324785,1,0,0,0,124.199956879637,"lo",1410.03807543411,0
6.87024282831743,8.66659212784405,69.0781130673166,52.9948352780122,3.47915312941613,"NW",3.86938457328544e-05,107,1055.05791193073,0,0,0,1,115.747762866586,"hi",500.974781211943,0
6.79858515772748,5.1293270279145,72.7241115279957,17.5581938603118,11.5031711281275,"SW",4.99642765824826e-05,156,1407.00466066948,1,0,0,0,126.081791804255,"lo",1334.19698766036,0
7.07098577458968,6.61936933604602,61.7636979616054,34.563128627463,13.453781834133,"N",4.43857509499529e-05,109,1156.15610575959,0,0,0,0,122.206797496063,"hi",629.297287921492,1
6.23564305496191,8.3627773640034,82.489518562797,40.968718002895,14.0669161199046,"N",4.71379798620116e-05,138,1249.0306011787,0,0,0,1,140.158456629532,"med",787.528266162469,1
11.616246912511,7.60835351015323,59.35132146516,12.8982712644893,15.2390127760756,"NE",3.98366071439191e-05,120,1147.45588433192,0,0,0,0,121.560557523486,"lo",594.293027353079,1
6.62122653665605,6.25959674007712,88.4521641189135,47.0374364405772,16.6434276163774,"NE",4.05444813002837e-05,115,1054.51984048957,0,0,0,0,108.550242620251,"lo",594.160098834022,1
6.60433560825242,8.87591026273385,72.8025696008686,49.2937095299815,18.2084564709331,"N",4.90948076685956e-05,127,1287.23050495629,0,0,0,1,142.683033240878,"hi",796.379537779533,1
9.29675402572089,9.5072581045263,75.1473566573933,30.2831682641886,20.4675450692459,"SE",4.26606925527297e-05,133,1315.24671242248,0,0,1,0,131.983997116229,"med",961.117554815398,1
6.1771577438183,7.95862498305674,93.4336386690866,57.3543930531893,15.0508831227055,"S",4.00346442752022e-05,120,1169.40616715136,0,0,1,0,118.310087999417,"lo",655.570881488877,0
10.5287891228742,11.396679663756,81.4498399663026,57.600730947235,9.27624478927764,"NW",3.78802436883964e-05,112,1113.70442725077,0,0,1,0,110.679330007188,"hi",602.760248142179,1
11.8115641446693,11.6264272204229,82.770688705074,43.8562149365741,10.992319532852,"NE",5.33332642677684e-05,143,1449.71123448447,1,0,1,0,126.260074111213,"med",1230.1627231775,1
8.79626086884715,10.0035415703439,75.1708392165141,34.1757187053723,14.3286145910482,"E",4.1989105280621e-05,133,1261.4575674346,0,0,0,0,126.502902293072,"hi",812.936583155264,1
8.06096205141121,9.57560218694337,52.545238747904,4.05812411870857,6.48063132451422,"NW",3.52379997123377e-05,126,1093.63005071565,0,0,0,1,120.963350126293,"lo",564.079181627471,0
2.68094379583587,3.45902611159856,70.3053610601148,20.7209841060997,13.3609434091723,"S",3.59794988032091e-05,119,1109.00132454388,0,1,1,0,117.917316355402,"lo",618.661493597496,0
15.9308854985153,8.99349509213894,79.6759628488127,52.527294357316,5.43246569819879,"SE",4.11812216290753e-05,125,1193.54021623034,0,0,1,0,123.463151791295,"hi",662.753171825963,0
13.2460559311422,8.36598499200298,118.880401436952,83.6904022409454,10.9589326618226,"E",4.66930254892129e-05,152,1412.77401964679,1,0,1,0,124.565158277299,"med",1384.0446789676,1
10.7077757475143,14.1124974903423,62.9632522939623,26.3847819253937,8.77840648872898,"SE",3.8659952241634e-05,116,1075.32053561745,0,0,0,0,109.33880578901,"med",548.334444381312,0
8.60881585764098,6.30664260282048,63.4065756762954,28.3827378799929,16.3546161636489,"E",4.27409334462074e-05,113,1153.53325877636,0,0,1,0,120.794667281568,"med",585.617849528369,1
1.85155219839076,5.23779290212207,99.8060803238415,55.9085646054144,11.7241815100486,"NW",4.70362402125674e-05,156,1385.90658816311,1,0,1,0,121.648315481412,"lo",1304.13797512213,1
14.0236642607968,12.5662010929279,81.8135088663205,31.3779151593422,2.09492577450605,"SW",4.56336302138427e-05,154,1362.13437279729,1,0,1,0,118.102609205629,"lo",1252.50067575379,0
7.41560266363946,5.60259993310837,72.6856607599704,43.8874836259343,6.05877131352229,"NW",3.68368355833722e-05,111,1036.12086622183,0,0,1,0,106.684260352082,"hi",549.895615438262,0
4.33607699962657,7.33158741095495,96.6915939993152,48.4272599078586,11.561487251602,"S",4.43654969907463e-05,152,1378.04617273499,1,0,0,1,132.003588047547,"lo",1307.67400233183,0
3.82798391339811,10.3938564977902,48.8275776579939,11.8245930104821,12.0520349979178,"NE",3.41640855913909e-05,104,1027.86053507738,0,0,1,0,102.706204274029,"med",337.703952989717,1
14.6946411473173,11.2880833102229,77.8930788547174,39.7105817592023,9.5711467769216,"SE",4.26919997382289e-05,114,1197.69609444983,0,0,0,1,133.852888879662,"med",682.854101343807,1
7.36685749431364,16.6812474435279,47.7412834714844,15.0040879720335,4.73234362133212,"W",3.69975444446392e-05,102,1048.55630632446,0,0,0,0,110.801427798965,"lo",386.121560602493,0
4.74129848350187,6.60157604066063,81.8726848195786,37.7963451834632,14.0693936213571,"SE",4.85168042256349e-05,154,1386.10442458946,1,0,1,0,121.092096400057,"med",1424.92585390286,1
9.28949088540296,11.6404588380306,73.2892133974048,41.0531666423835,8.20774949009657,"W",3.52641691621243e-05,92,957.684336123175,0,0,0,1,110.667815015685,"med",253.100857709771,0
6.50356692617729,10.2945296250342,75.3300432039857,44.449726113335,9.51507712674374,"SW",4.3940272491119e-05,133,1277.27974414936,0,0,0,0,134.364540804867,"hi",840.061183561184,0
6.64574903520463,6.22151903080125,92.1551490146604,59.9274766433774,14.9628894130657,"NW",3.60151570251793e-05,125,1165.4103642219,0,0,1,0,118.701759782444,"med",755.957923677002,1
10.9412120083655,5.9045934757265,69.4723577303869,27.7202291184343,12.7420415312214,"W",4.4535685005016e-05,108,1156.03118357513,0,0,0,1,128.988259383833,"hi",568.242750109448,0
9.36709348337162,8.57343420660943,65.7456871288815,38.038643137803,8.76718090036253,"E",4.28067533090086e-05,116,1160.53475380451,0,0,0,1,128.101619833523,"med",562.116169548256,1
7.98554883051458,12.6499237813391,64.6728219018048,29.6964854806343,0.684416131045795,"NW",3.72673617838805e-05,114,1123.8487475688,0,0,0,1,124.633843299483,"hi",534.63713733421,0
5.84748116475821,8.03904952183058,72.7374454794811,49.1413738244724,17.8314958936372,"S",3.94784459847329e-05,97,991.637974028222,0,0,0,1,112.353753262981,"hi",198.231570030398,0
9.70331411457964,7.81551244404977,74.9111735976438,40.9152983846192,16.486530768708,"S",3.87743146853175e-05,134,1225.79812584008,0,0,0,1,134.904306645919,"hi",887.634781491135,0
10.650418766205,8.86553933495665,88.3689656023272,63.4926126114296,10.6601315717829,"S",3.32379719952787e-05,100,1001.9252805389,0,0,1,0,99.3444121533883,"hi",267.601745213176,0
6.85297382136059,10.0232874763691,83.8575115577017,53.7163849383515,12.262976363276,"E",4.66633333646998e-05,136,1317.266887033,0,0,1,0,131.645568138544,"hi",854.673012270822,1
6.56258043307946,8.49793491125004,100.859057491238,66.4615446986176,7.02831159011019,"W",4.10336463096351e-05,133,1257.19218829666,0,0,1,0,126.376990538898,"hi",866.027645701499,0
8.5979398695535,7.56741249165761,43.2379191900387,10.2774081932849,8.24895465879285,"N",3.26918270559659e-05,94,921.503941469896,0,0,1,0,96.2429484432428,"hi",166.594164265443,1
10.4707350229398,7.37681204624187,88.5417792557583,47.9703436506495,0.15444531116017,"NW",4.90921919496426e-05,143,1359.70649725917,1,0,0,0,113.047444217505,"lo",1248.67588315355,0
11.9967905901683,9.57655794118111,88.6204098016766,52.7212589242528,12.6183224348381,"SE",3.64897960640166e-05,120,1109.88011512174,0,0,0,1,128.514896627575,"med",691.942356793992,1
6.4561399724821,7.64735539884649,81.0006905983161,66.6503039013998,9.64422726917327,"E",4.55932333546434e-05,114,1164.37410651179,0,0,1,0,115.581258736535,"hi",649.893231053833,1
9.76965747987996,6.12807821435253,66.7886308971713,30.3614854682967,5.39619051764897,"N",4.42909509249037e-05,140,1280.24842384181,0,0,0,1,131.163060223154,"hi",906.760625440203,1
5.80964087896303,9.40798232484045,64.1938592963014,28.5362005115772,5.66793532939585,"S",3.95940435776267e-05,135,1247.40819553493,0,0,0,0,129.6134584473,"hi",1003.36058977897,0
6.60274020104604,9.2957151263831,66.8566171848388,35.7910988564424,4.93542046860833,"SE",4.11376918167246e-05,121,1164.41864074983,0,0,0,1,121.885325924025,"hi",593.9571948373,0
6.02108218396955,11.5590404563361,61.6151641754455,12.8185684618776,17.2961985006279,"E",4.87223013136397e-05,136,1403.48641590217,1,0,0,0,122.169901410685,"lo",1248.89586148424,1
6.48014763655993,7.70513189175129,77.256779913974,42.2902146849358,0,"W",4.39960188380804e-05,146,1336.43615650155,1,0,0,0,119.12808364936,"med",1186.27080952481,0
10.322488359953,10.5173222765997,79.7499157481365,58.4481613136175,4.58273883914652,"SW",3.62431681197008e-05,110,1058.3421206319,0,0,1,0,107.460643263575,"hi",574.483973062393,0
8.51136423128975,4.47839994802932,72.4693596357782,31.2264182260059,3.56150728755256,"E",4.81754836950563e-05,140,1360.51211379898,1,0,0,0,121.827472667019,"med",1190.42777670601,1
9.39046343953366,6.90246447748417,26.4606735375074,0,0,"NE",3.85755531655893e-05,102,1042.99007453159,0,0,0,1,114.062519204372,"hi",251.260972822196,1
9.11598617232879,8.30990046302304,97.0545841275897,43.0208155149552,13.614020174262,"W",4.29311470514796e-05,142,1272.03133694713,0,0,1,0,130.373903424647,"lo",852.389874071917,0
8.67106180088464,7.71798946482638,80.4387924610996,67.5825883651798,12.3495427640389,"W",4.3599922649862e-05,99,1101.46912951688,0,0,0,1,123.971105487434,"hi",217.70220493014,0
12.8352554138016,6.77980354563523,65.6491200405682,21.6214541283048,7.96854664703288,"N",4.26268973254316e-05,137,1316.13922115634,0,0,0,1,145.526509911009,"med",1076.40282071183,1
8.15023653268815,8.43936269186232,68.5789726848597,44.6066781451214,6.51344798629634,"E",3.70033185076632e-05,99,1049.38855211803,0,0,0,1,117.063717016915,"hi",317.18095165084,1
7.24147886356272,4.57918177761587,93.7412467682445,58.8397012871219,9.27963785217157,"S",4.3539885316181e-05,147,1375.02807753848,1,0,0,1,136.650009443881,"med",1234.45468018601,0
8.9665525135233,9.35189655436779,71.9573744779115,40.6270735587748,8.72376552669056,"SE",3.61994061231391e-05,105,1086.62396805001,0,0,0,1,122.383411268003,"med",527.764629973304,1
7.39007591139318,6.61680184873748,64.9226984039834,42.6035458461966,7.26603953126627,"SW",4.77414984234364e-05,137,1315.52740273308,0,0,1,0,135.006234058601,"hi",857.72805947286,0
7.9227380864051,7.65169157064034,64.3554359529016,25.3457262025984,18.8002739182009,"E",3.95616797697705e-05,106,1055.84093705078,0,0,1,0,107.592053077141,"med",368.003005917954,1
11.0464847359023,13.0166186326673,93.3177748956536,46.5191554128438,14.329978538412,"W",4.12262859607246e-05,138,1230.31273092787,0,0,1,0,121.788449242945,"lo",884.121249307358,0
8.10488072125237,10.214922954543,84.8052027003815,39.8302099889228,12.0459015483413,"S",4.45752268785734e-05,120,1215.03235318649,0,0,0,0,120.167909833356,"lo",839.247858616274,0
5.44560692859023,7.74797182030309,50.8691921330394,1.53660689356378,8.99129957202266,"S",4.8470075873217e-05,134,1289.6323355048,0,0,0,1,140.66856129171,"lo",915.624912596485,0
4.46815592500155,5.00003120738531,71.119808764271,25.3999878882355,3.96201924039106,"N",4.07754847157223e-05,117,1108.13640886975,0,0,0,1,119.505876662732,"lo",551.811051385729,0
10.120847061863,10.7082353276762,88.2516113376938,50.8357095326961,2.8440214572464,"NW",4.38140025184108e-05,100,1105.79963914022,0,0,1,0,109.201373351847,"lo",509.371433311756,0
7.74180237179027,5.82788963004173,82.2420715277286,40.568781777548,8.10780109292786,"SE",3.66870495473408e-05,114,1095.59357535821,0,0,1,0,106.889370975974,"med",536.149186556241,1
9.0022952457134,7.31958071156175,96.9416179213576,46.1368760043414,7.59521508528342,"SW",4.69049832444807e-05,153,1378.40469660739,1,0,0,1,128.329830678095,"lo",1350.47342816687,0
6.12178813061771,10.912537424783,97.9939047517676,68.8739512980862,8.46031765545621,"E",3.57089329379238e-05,120,1124.20994161901,0,0,0,1,123.39533952959,"hi",730.418742290303,1
8.90390540252504,7.62617197414088,93.9189871214382,71.6393764789693,10.471773048633,"NW",4.34355054091083e-05,104,1104.27340884598,0,0,1,0,119.634096167086,"hi",404.277591645971,1
10.7567638854794,13.8667485895157,45.9091370590008,11.514544131765,4.71895773860433,"E",4.11703144740675e-05,104,1096.25372900108,0,0,1,0,116.701180133614,"hi",401.355312791508,1
6.30700245881159,9.43547730742181,73.2479146107057,33.7683674942557,10.0246805316711,"E",3.74674214568677e-05,109,1050.83334127897,0,0,0,1,118.416535711942,"med",476.838518408068,1
8.88766989603115,9.66285701435679,67.2431145291016,17.7348117022231,10.7420691467079,"N",4.07230793516596e-05,148,1320.6430617983,0,0,0,0,134.60963625962,"lo",1138.71515706721,1
6.51643163176044,11.4387868294619,113.995296653688,71.8035096045421,3.28681829458875,"NW",4.18658591353411e-05,132,1200.71186855016,0,0,0,1,127.710267233327,"lo",733.891399901765,0
5.6483243864431,2.43005252456247,56.9140985201469,36.8695395967462,5.41585506470918,"W",4.12051343209876e-05,109,1140.6508733001,0,1,1,0,122.544907086442,"hi",554.742994386728,0
9.98897878415412,9.88680958216086,57.7343540740709,27.1964784588908,6.65940118267155,"W",3.529918153134e-05,111,1077.85310648148,0,0,0,1,120.906437755484,"hi",495.918087411051,0
5.37624679863023,9.0949777066494,72.357429232693,33.4682064080618,16.3649520706197,"E",4.47726615972995e-05,134,1293.57679407377,0,0,0,1,142.87759997698,"med",758.210212414665,1
8.29152575738097,4.81996980785119,63.6266422839875,24.7952172446993,14.0740100848411,"N",4.60661674696732e-05,135,1324.3810153736,0,0,1,0,136.720915113734,"hi",875.034480190505,1
8.54196613287283,7.79213385759012,61.0669030353056,39.6437906411891,2.88826163378145,"SE",4.20279290498999e-05,119,1174.54956722535,0,0,1,0,120.165927922703,"hi",679.221631977057,0
4.33647177207035,8.925064345384,38.523241431419,3.74180387253428,13.1634429184213,"SE",4.06449799115581e-05,113,1152.47456306635,0,0,0,1,130.178296604923,"med",562.337903505418,0
6.75234036869893,10.8504545513576,80.042885895453,42.9027862196959,11.5012392795076,"S",3.91508899023506e-05,122,1123.98197982276,0,0,1,0,113.03658727562,"hi",740.791606264066,0
8.66025597402984,9.8160410752873,86.8559260525736,44.3519265515727,13.3907137292566,"NE",4.1484067556137e-05,136,1236.1625095874,0,0,0,1,135.264520327038,"med",886.111332490315,1
9.77960107450913,11.7547220375304,64.9302563567532,22.4702154393991,12.5483933130846,"W",4.07297330804703e-05,122,1163.28752915069,0,0,0,1,126.091923135478,"med",618.956027996803,0
6.63397042432345,10.84279256192,59.5485011070659,32.9878092039523,8.06842125785782,"SW",5.1672251460669e-05,139,1389.2511007276,1,0,0,1,131.97949254751,"hi",1087.0622750057,0
8.70925319814168,3.87789251720243,58.4153937731995,63.2313008179976,7.76568636877588,"W",2.71530545792115e-05,81,825.244988389172,0,0,1,0,88.2347572677524,"hi",122.290737315089,0
8.49088730617599,5.07768523355492,45.626374534521,14.5715183582186,6.38787721144407,"E",3.11670354972156e-05,76,837.079139950857,0,0,0,0,86.9908958322395,"hi",209.87425354942,1
12.8850599083426,10.2654744279473,99.0018611063325,64.401975593751,10.6057058592592,"SE",3.78453437125378e-05,129,1206.79211359093,0,0,1,0,121.002048968858,"med",887.451892705072,1
6.59633666450758,7.58366215271272,91.5689755075346,56.4151471984092,6.4707604297286,"E",5.0756772636915e-05,134,1373.62485022524,1,0,1,0,119.252167124546,"med",1107.65273430691,1
8.75263575449949,9.09227124631322,63.2543409302627,23.6612936848368,10.6522959309441,"S",3.70604530350842e-05,113,1130.38504724921,0,0,0,1,130.104294547083,"med",670.078348225847,0
9.434422619239,7.6761665257778,61.8912885257609,18.7076499164008,14.2441501416869,"S",3.93025075449563e-05,129,1176.34409924851,0,0,0,1,121.673066879761,"med",796.787279908034,0
8.78624539505436,9.14109832414276,81.2656190752254,31.9625285181615,16.802599277424,"W",4.01888222184827e-05,130,1245.58126854384,0,0,0,0,124.121202028132,"med",721.174700731896,1
8.63974926834148,12.3061309330583,63.5838327627466,31.1874850739766,14.6878440840391,"NW",3.73384029467497e-05,116,1157.775359521,0,0,0,1,125.80403791961,"hi",676.148617756747,1
7.53441472118396,7.88076960384213,88.4325018607867,46.5967795044599,8.25690763218689,"NW",4.36061409612807e-05,111,1152.60388242988,0,0,1,0,114.941919857885,"med",590.265970205376,0
6.4483167674078,11.647648284367,77.7638385785092,39.767225014871,10.9190715544788,"SE",4.44722729849723e-05,128,1270.50178343145,0,0,0,1,136.921574844557,"med",810.293216564866,1
8.61665904475132,12.1987924394058,52.3435937330594,17.4418042720055,14.5040600432121,"N",3.09089275243962e-05,93,916.0795987238,0,0,0,1,102.330670098125,"hi",291.21681942702,1
10.602042673884,11.9332811762727,65.2606617247088,24.657008247212,14.1394425524264,"E",4.2480047786762e-05,131,1218.96858328561,0,0,0,1,133.682482318627,"hi",742.306098342107,1
9.57458340278825,7.87108466503144,62.0163285037168,7.03449754294981,8.11883651622499,"W",4.77817383198896e-05,147,1395.90281003617,1,0,1,0,120.543006613239,"lo",1304.85142773927,0
-1.81333215885733,-0.995540788055581,50.3948401819974,11.1666914353856,12.3202833529309,"N",3.64656289988764e-05,121,1162.51107740777,0,0,0,1,124.412712085933,"hi",575.102918415339,1
-0.972175525056739,2.9640556547999,75.6048183138874,2.8496478951524,22.4058266272802,"NW",4.06604201628092e-05,148,1264.46450484962,0,0,1,0,130.441554954393,"lo",1135.70568999972,1
1.15072495543628,-2.91553909202267,76.3351658601218,43.9565728727029,13.5435690137335,"NW",4.35921786699802e-05,127,1202.6837836933,0,1,1,0,122.611278039656,"med",668.506584263399,1
-3.09654999276087,1.36588472791513,80.8796831704432,28.0598843477855,9.58667455872351,"S",3.98548212599257e-05,146,1291.0907475701,0,1,0,0,134.888302229511,"lo",928.715106654996,0
2.17299318792003,1.78138900858653,79.5702052235101,40.9713260276853,14.8712683412718,"E",4.18405934835034e-05,136,1287.41707365276,0,0,0,1,140.828308439352,"lo",846.001783861571,1
-3.55286057448964,1.43787519737032,61.0151900436018,35.9299638578905,0.401415662733113,"N",3.89766101363329e-05,99,1071.62190659252,0,1,1,0,115.766120192223,"hi",304.905870250932,0
0.732526593585466,-4.83136928478941,97.5658429500316,72.0067885626781,19.4565540872189,"W",4.20702768246147e-05,119,1164.69881768729,0,1,1,0,126.787765560939,"hi",540.55193499852,1
-2.81165494625398,2.77615750202634,82.8276637197938,55.5077851777278,13.1325784438041,"NW",3.99616374176046e-05,123,1177.01546371196,0,1,1,0,115.992939030306,"hi",697.88636346726,1
1.90400939645518,-0.662665365150838,61.9429424448878,28.1090688778495,9.62442496502637,"SW",3.73359207872835e-05,126,1220.27708136731,0,1,0,1,134.087910116329,"hi",765.300077714287,0
-1.02617624240443,-3.18647726008432,89.6198491682557,62.8884485402262,7.9820914752015,"S",4.48176794173393e-05,142,1372.94573391559,1,0,1,0,117.477070300195,"hi",1270.8680804343,1
-2.73907415603291,0.442421263985753,62.6779352228628,23.2262212536371,11.5799378465404,"SW",3.71886897225179e-05,123,1170.18564941899,0,1,0,1,132.419979370622,"hi",718.949082681281,0
-4.21432397945396,3.24741716277399,71.8978767559317,13.2842655965685,10.1025042483855,"NW",4.82058485717512e-05,136,1320.31551502861,0,1,1,0,141.82332631797,"lo",861.653526154814,0
-2.02219936565154,-0.818908340805061,80.5388988474025,57.8962152695667,12.3240112294185,"NW",4.54235944455037e-05,108,1149.22220928614,0,1,0,1,128.865505298008,"med",380.123748015218,0
-1.60906674032315,1.79173824676973,79.7554088197948,35.4590989463206,8.56616859986053,"SW",4.10390001466019e-05,113,1178.22796875714,0,1,1,0,119.947176190163,"med",663.245636143979,0
3.31412542368955,-1.8149933091491,85.9002116352881,35.3185248697327,5.69803375165388,"SW",3.89845325629874e-05,137,1283.62307712051,0,1,0,0,136.289721682359,"lo",763.311984401687,0
-2.63124478685113,3.34768749031638,59.8241142395621,21.3631859410523,18.4022017058291,"NE",3.44036741438255e-05,113,1065.90655749049,0,0,0,1,111.888433950061,"hi",559.298442961303,1
-1.56595093572606,-5.90921744246062,72.1622303337314,33.6506952462849,14.4041929973349,"S",5.13513616000561e-05,147,1386.24325362516,1,0,1,0,122.181744921211,"med",1318.72760439358,1
2.23889948060962,1.88136998714822,90.7406556638759,69.757495200625,14.330262444263,"E",4.04310317755741e-05,139,1227.36313944109,0,1,0,1,143.974019599948,"hi",745.49113894153,1
-2.74162764547143,-0.135751587665244,70.9824562380447,45.5083994845042,6.58622687060912,"NE",4.18091477257055e-05,115,1108.1878801149,0,0,0,1,119.560520817766,"hi",576.434232712021,0
1.19820653713774,-0.515237697519947,51.3234034033252,46.2509767811184,5.35872475069134,"S",4.31421993323345e-05,89,1072.05288357536,0,1,0,1,119.47986432483,"hi",318.125343490903,0
-1.85712564956826,-1.12323359734454,82.3679829374384,46.3710460230706,13.2377224301875,"NW",4.34993636003577e-05,119,1158.72679848095,0,1,0,1,126.291826716829,"hi",616.240611602193,1
2.51705000478933,-1.70748933296769,83.5795363215134,74.2493770603436,13.7707239089888,"W",4.25404145611086e-05,97,1062.14310736481,0,1,0,1,121.636935260792,"hi",299.846567005128,1
-3.09614420179431,1.19928860933909,74.1688880154238,39.5731871362909,0,"SW",4.0940948102982e-05,129,1242.32753507402,0,1,1,0,124.30136640282,"med",662.42514768013,0
0.859757948461742,-2.68457720699888,82.4275273567544,45.4678760203985,15.1287575857189,"SE",4.49802336613329e-05,140,1359.95550103823,1,0,0,1,124.94703527241,"hi",1056.94297944949,1
0.44197358838806,1.8039085695695,91.6624177328359,50.1553421975804,13.9077059844928,"NW",4.09778526173299e-05,121,1118.47332273128,0,1,1,0,117.028519088017,"med",466.936005140707,1
-2.48601997604779,0.960053363976014,59.8325462422006,38.8511534720115,12.3808197022086,"N",3.97719038661756e-05,120,1197.60493206495,0,0,0,0,120.063830476378,"hi",579.789503588001,1
-6.15109968948956,1.44065704095477,76.2734278466915,34.8498377400507,19.7859016479951,"NE",4.42709084387181e-05,143,1319.30451997417,0,0,0,1,144.597214486984,"hi",1012.96720518485,1
-8.46461868845901,-4.14363491263601,46.4817226824079,4.34218962705174,12.5483622758609,"NE",4.38885998992281e-05,138,1299.25290531848,0,0,0,1,137.423301069916,"hi",853.062265594139,0
-1.80039796811311,-1.17239593266761,69.8115519089616,41.8954926214062,11.5983035980668,"W",3.99437478289742e-05,114,1136.6312187212,0,1,0,1,128.395997418772,"med",540.242269742489,0
-0.316928089669099,0.903699238523493,44.5860123716517,20.2428917276296,11.1206791421504,"S",4.47798530136733e-05,117,1216.44678274839,0,1,0,1,137.780940754654,"hi",667.876267496297,0
-0.718240175268381,-3.11881891268144,55.3087253612705,0.248987955836135,17.2751913759824,"S",4.05688252648353e-05,121,1147.53438918892,0,1,0,1,130.885573742289,"med",540.090640220783,1
-2.12413219530872,-0.439270890960717,55.8266394189372,34.8605489125497,1.85418815901613,"W",3.99279043578492e-05,97,1029.64686500391,0,0,0,1,110.859381108191,"hi",491.042631886205,0
2.22205728398351,-0.3170744074939,79.702962831074,17.2098536055559,10.1833764642921,"N",3.99955739953571e-05,132,1236.78948473116,0,0,1,0,124.670963723121,"lo",616.049414578645,1
-2.33463323438263,-1.87376426874755,93.8970156631686,48.2410820122243,10.4247404759593,"NW",4.1726810241321e-05,129,1210.03435676682,0,1,1,0,119.404409323645,"med",720.790860419433,1
-5.77102207181355,1.96206080588999,80.5694319859228,63.9977033047778,8.13834899003964,"NW",4.46994976429895e-05,108,1152.13853947,0,0,0,1,125.711820017793,"hi",526.499050139374,0
-3.77188294416335,-3.68901703809937,51.7798018510887,42.2489656835792,13.0176013412237,"SW",4.1024304993498e-05,87,1074.11967596359,0,0,1,0,113.950754004372,"hi",292.282299012504,1
-0.300575015120552,0.494377340945953,61.5220428664045,19.3214643863005,3.02758507421325,"N",3.8081328755089e-05,117,1187.23882133262,0,1,1,0,125.502906888705,"hi",566.245198014285,0
-3.59169495484186,3.12975195962921,99.7726734382981,46.418805813317,13.6123129209239,"SW",4.30585699251419e-05,143,1282.45357162187,0,1,1,0,137.351401733979,"lo",963.948065249113,0
-2.51206044846921,0.449295636810129,81.0264352028341,44.624288539197,6.75557800877522,"N",4.4554350581463e-05,146,1341.58291131662,1,0,0,1,124.475529496251,"hi",1532.01250756627,1
-3.92215429286289,-0.938287355714889,86.6186060114213,74.0592953664242,11.4110884318533,"SW",3.83508981368412e-05,113,1057.88129251173,0,0,1,0,102.193505839185,"hi",539.80755978152,1
-5.18720220295298,0.100359787735246,49.4722858106559,20.3977418742972,7.63711950382117,"N",3.44213146784112e-05,104,1016.72088382788,0,1,0,0,104.79897301524,"hi",437.095674687502,0
-2.27325082494071,-2.9480764481074,76.4341130428468,55.0576314984928,15.7424313778333,"E",3.8027163675694e-05,106,1083.67750030732,0,0,1,0,112.363039237757,"hi",518.62989228034,1
0.224915570173397,0.359185230840197,73.7308203537863,35.6387974282442,14.419418861941,"NW",4.36600584564109e-05,133,1276.92291098263,0,1,0,0,130.217523601984,"hi",830.069157020684,1
-4.78586837296229,3.14266791465667,73.8404283858104,36.2828018158294,16.5709039975915,"E",3.78147402814214e-05,106,1075.34074607578,0,1,0,1,119.65297784444,"hi",527.129988313628,1
1.35970843700277,-1.90754221347038,66.1645767670225,19.3101461102633,11.7804167904609,"S",5.12580033105161e-05,139,1379.30023400475,1,0,0,0,126.193509489818,"lo",1157.13635310815,0
-0.72523228165103,1.37577627694923,84.8317386571917,44.8287473258739,10.9389820953693,"SE",4.41275840354044e-05,135,1240.26847586862,0,1,1,0,126.894750239424,"lo",874.437768194773,0
0.0802323087493786,-2.48405328611239,83.9838300016171,71.351872903099,14.0406403541765,"NE",4.54188307388241e-05,106,1227.96325235883,0,1,0,1,139.363178188448,"hi",612.312163281211,1
-3.27553803899896,0.731396585861848,79.2940375199291,42.6548858633808,19.7253115480207,"S",3.67347088989919e-05,119,1133.38642268226,0,0,0,1,132.49126289865,"hi",557.052924703611,1
-2.78837688337012,3.51804481231788,57.3390546852864,23.4301140421539,0,"E",3.73405039420305e-05,113,1113.67561114371,0,1,0,1,124.831725879029,"hi",455.020665976789,0
-2.56645489336305,-2.90860703070626,80.3115742375325,51.0406117780352,12.9825120998862,"N",4.10647904116438e-05,128,1180.08706126328,0,0,0,1,129.326036322662,"hi",650.40550393459,0
-0.456651875949267,1.73749136757507,77.5326722258862,33.2327215734363,14.7220425265204,"NW",4.07587719255865e-05,144,1292.400276904,0,1,1,0,138.504040881897,"med",910.339786368698,1
-6.02368800486623,-1.42470105899455,110.303691146652,74.0239960144357,6.89914687237061,"E",4.45535861278636e-05,152,1358.82813580746,1,0,0,0,124.514979178162,"lo",1274.55226346374,0
-3.06569201173585,3.05787961600291,80.5884351205916,42.1684359494919,12.9727652293086,"SE",4.1114611904613e-05,118,1176.20504968396,0,1,0,1,132.544830954304,"med",770.253440978165,1
2.33625951042131,-2.37574303445393,73.9360277585836,60.1811891049773,18.0330840508529,"SW",3.88212054940464e-05,102,1071.9239354327,0,1,0,1,124.336027718875,"hi",451.93707948683,1
-1.35539321836127,0.879454279057159,66.1080764254053,41.8130187167096,14.3848454588513,"S",3.82683322366915e-05,91,984.869075610166,0,1,0,0,102.688791091098,"hi",362.960213057749,0
-6.10130014212335,-0.727969914939861,79.512367124,49.3754289952299,7.71940879711877,"E",3.79955422775601e-05,104,1087.01482212792,0,0,0,1,119.923794706223,"lo",533.249553728914,1
-4.530143720662,-0.479796460788585,47.7575465360858,14.4706159456967,4.83217935168071,"NE",4.24599913094363e-05,120,1233.79714997766,0,1,0,1,140.437374033093,"lo",538.949954837478,0
-0.209357463438778,6.56006196343364,94.7927784138495,44.908192754583,11.9621449139488,"W",4.82041803723437e-05,148,1388.39301025001,1,0,1,0,126.884881349589,"lo",1241.49222846945,0
-2.40883288926238,-0.412943039382331,91.69163767929,44.5154844178643,1.27306886020589,"SW",4.30501181074581e-05,141,1264.64156583677,0,1,1,0,130.880503918704,"lo",889.995905117728,1
-1.04192831069288,7.17409830244503,83.4680199304637,49.3280383596728,16.6385735417167,"S",4.002600977511e-05,107,1097.29731560993,0,1,0,0,112.118945341486,"hi",487.124070021,1
-1.41395618374609,-6.66207811505274,61.9681410941995,19.9295700438208,8.56214075044036,"S",3.78738796648577e-05,124,1175.14727416943,0,0,1,0,117.800324922704,"med",774.722319476029,0
-1.67647345330929,2.4276709772914,62.7635990132237,18.3077603179957,15.1456659245917,"SW",3.69408935961811e-05,132,1255.15821836019,0,1,0,1,146.26510964855,"med",673.460971133521,0
-2.10654154185908,-2.27468615210832,81.2128552364762,52.0910093519477,6.27996944327864,"SE",4.39726369847304e-05,150,1362.35346225421,1,1,1,0,119.899531055426,"med",1268.84510703068,0
-2.8143341294923,0.0442553700833086,60.5158209614322,28.4494590187508,12.7815780791463,"E",4.13301510447468e-05,107,1116.05459207714,0,1,0,1,121.787748820598,"hi",353.828688023885,0
-0.766949848986931,-1.13540971781665,96.6240863642087,81.4526359864398,14.6411192616916,"SE",4.71068494751011e-05,118,1211.90199823579,0,1,1,0,120.923453883441,"hi",615.727670112889,1
-1.55680534950433,-3.36595185999967,58.7099665392497,43.147201480516,13.1256389470388,"SW",4.09000187606128e-05,105,1073.87345124516,0,0,1,0,108.52618552125,"hi",382.162490028293,1
-4.61306943212554,0.804953126027756,68.9444562517525,47.7179384775012,14.1865913932772,"S",4.26991643079863e-05,97,1104.83065522992,0,0,0,1,124.079276990749,"hi",381.009504946765,1
-1.92567383197178,-2.76507020112864,76.6463032376046,40.3609074714798,9.34582054917895,"SW",3.95790161074935e-05,116,1138.96574002149,0,1,0,1,127.802922593589,"hi",529.759660087459,1
-1.99751288564494,6.34729351676325,85.0331612989293,63.8769886993869,12.2922413820536,"SW",3.94492185122195e-05,110,1100.22040037164,0,1,0,1,127.021676755064,"hi",516.8596594599,0
-1.76060197607313,4.78954719930711,40.3389223163026,17.4794130139501,15.5483694084761,"NE",3.90799310009614e-05,118,1121.39031666015,0,1,1,0,118.892613552226,"hi",535.198308463966,1
-4.16422488043537,3.70277094275059,71.3692062429439,39.0156058311728,10.5970390146014,"SW",4.15439447138426e-05,118,1151.72098945928,0,1,1,0,121.850093272902,"hi",731.824497379817,0
-6.00592603249341,-4.40836428453434,84.463050828225,45.9987106787913,10.1961605323665,"W",4.59553795779677e-05,142,1319.82416327345,0,0,0,0,136.022180742533,"hi",993.556533520944,1
-0.231265501959332,-0.146060330941611,57.8324949532705,11.092287495396,18.1845505894782,"W",3.75769912002875e-05,91,1011.61667435841,0,1,1,0,105.28470169189,"hi",317.077010316135,1
0.656780309278973,-1.27337089442118,86.3104673853876,55.1009789259758,10.2208694902034,"SE",4.75474142291777e-05,137,1296.95902841294,0,1,1,0,133.381234129503,"hi",775.736256884132,0
-4.26373399933398,-1.73040778620877,83.1514311553972,47.7542298602884,13.2348128478775,"N",3.92267891917928e-05,108,1056.08330796805,0,0,0,1,121.37088397144,"med",501.645823170532,1
-2.05290993379468,3.74973767541755,44.9606623057588,8.79433172160096,7.79811366593418,"NE",3.90146405719256e-05,100,1058.39722254934,0,0,1,0,105.506412969214,"hi",361.623225940187,1
-3.16153263850148,-2.52910649365055,51.0739523184787,21.6485580647898,12.1903049685113,"N",4.31739549467227e-05,123,1223.79276962002,0,1,1,0,123.112995652766,"hi",774.003358807468,0
-1.8153313114304,3.93812848500127,71.9360332494163,35.3598217008449,5.6947548477823,"SE",3.73000993989921e-05,103,1033.8155105642,0,1,0,1,114.803567311346,"hi",281.197424742292,0
-2.68203506246202,0.624949759618698,46.0884171286597,10.5153715621472,0.280264268778565,"NE",4.08012236660972e-05,118,1159.92719275133,0,1,0,1,131.760704435621,"med",551.330339323631,0
-2.15849747474135,-3.72758126680259,79.1346978400193,42.2273465367751,7.1334172059683,"W",4.30485566278152e-05,131,1245.47731877421,0,1,1,0,128.726515729215,"hi",744.186606015963,0
-4.22165777346494,-1.15679150267447,93.6252842560155,54.8456280231278,10.0969286573215,"NW",4.047069406096e-05,131,1230.64289518284,0,1,0,1,139.951048063373,"lo",690.293644495232,0
-2.67339905044452,2.56062132858306,94.9989494871847,51.9346233738356,14.506381919525,"S",4.24869502692965e-05,132,1210.44380642883,0,1,0,1,140.590050618732,"lo",718.453500411885,1
2.95034390549178,3.27998697681518,47.7002783093505,6.61846374440338,6.11831229925846,"N",4.52537591330669e-05,138,1339.42241213287,0,0,0,1,149.268506616978,"med",860.670346987223,0
-0.77799600573997,1.91831086039431,67.2570799882823,33.4008106267714,5.69673488880541,"NW",4.96931294284569e-05,151,1405.12890495131,1,0,0,0,121.734636983523,"hi",1362.01471085602,0
-3.96889053750356,-0.0314482733123863,37.9757358431565,6.70653163762572,0.479945261916162,"E",4.60362289611429e-05,103,1114.77613033322,0,1,1,0,121.275366407021,"hi",388.995999059934,0
-1.31159278739837,-2.54500660554163,76.4533379940392,31.343252323593,16.3470920914013,"W",3.92436614584243e-05,139,1219.23260971641,0,1,1,0,125.971359658805,"lo",831.541825807672,1
0.576100183702075,2.28672798751273,97.8902288673821,54.5129527031802,13.168440512417,"NE",4.78938014704347e-05,147,1406.54052770414,1,0,1,0,119.605248126486,"lo",1276.04233356164,1
-1.70477080269278,1.80873521458708,68.3340774620571,35.280450630041,6.4166632949584,"SE",4.05123480189241e-05,103,1022.57908554766,0,0,1,0,103.426594485858,"hi",469.882644638393,1
-1.3171298870553,-3.96027010756137,66.975319205628,65.3085819811446,8.88159979919234,"W",4.01621230008747e-05,78,930.468221547991,0,1,0,1,110.82365143586,"hi",115.25154567051,0
-2.73973033744189,6.13919858404077,85.8176898946733,30.7773010510028,9.39428420338526,"SE",4.74437026744293e-05,139,1279.63871982384,0,1,0,1,141.070873493157,"lo",1010.90855416209,0
-5.7478740279038,1.57574003586775,49.0956674864793,25.2017670391296,12.4092851655311,"SW",4.19177093503629e-05,108,1114.6142644308,0,0,1,0,112.829239239291,"hi",481.483522841433,0
0.341980664164205,-4.63631956259095,59.8025880271037,49.907149090653,7.78235334887929,"NE",3.39494673901097e-05,101,1047.10920112016,0,0,0,1,116.774655841481,"hi",399.386661755604,0
-9.24051629704865,-0.443344791418678,91.769413388971,37.1883390804683,9.38940795876825,"NE",4.70477496876777e-05,148,1354.79390016693,1,0,0,0,116.804065318336,"lo",1293.43088707102,1
2.78423566666884,1.99196112883133,82.7328267692214,55.8140187918378,11.2208255917429,"W",3.72592547404045e-05,108,1019.21942456246,0,1,0,1,116.153727163132,"hi",487.256590629891,1
-1.57052725173417,0.448140645753275,66.7774266040496,37.642115675116,11.4794856002953,"N",3.4280365469317e-05,115,1049.8676678776,0,1,0,1,111.872632675632,"hi",443.171801553126,0
-3.32312039344208,2.31190257704812,64.9857717081214,46.5751656908516,6.54410673321005,"SW",4.53051710503441e-05,113,1245.05478701258,0,0,0,1,134.706315084359,"hi",516.766401163544,0
-5.98331375593741,-0.495934440952976,72.4703910607398,37.1001969331546,10.5650735399821,"N",3.38318902104056e-05,103,1032.76274281178,0,0,0,1,111.219587957792,"hi",376.294878463596,1
-0.639811771267143,0.449900217265368,60.5224072626446,38.7369597886061,8.58924940804709,"S",4.22870196804446e-05,124,1149.34573943062,0,1,0,1,129.636313411553,"hi",629.021581720431,0
-3.4662284838628,-0.148652002658301,68.4951795522854,4.84232089415002,11.509657732538,"S",3.53485640989188e-05,129,1138.86789132276,0,1,0,1,135.016423499211,"lo",606.996681733099,0
1.19806250625738,-0.585765191578481,52.5720983524728,7.87122264988807,17.4291296656417,"S",4.76062408415565e-05,145,1335.41223765641,0,1,1,0,138.769231950883,"med",851.06443134961,0
0.619352944763298,3.43862972675393,56.6008985603552,5.16515116011441,15.8482100243699,"SW",4.5068762994516e-05,139,1340.83951869061,0,1,0,1,151.281650971146,"lo",934.500853731164,0
2.56348173134866,2.05988325354241,104.873548282562,63.5056664485448,14.8837528406789,"NW",4.4434053386992e-05,134,1243.02204389082,0,0,0,1,144.189084375022,"lo",919.375527156306,1
-1.05834000467663,2.05466800537272,54.87463025077,38.9805697308849,15.3779834999044,"S",3.77720175195473e-05,79,923.198870355346,0,0,1,0,93.4016791841334,"hi",192.815891136363,0
-1.06330925890118,-0.0437646798054758,66.3029130752674,31.236709332835,0,"S",3.60341893845398e-05,105,1062.06136994303,0,1,0,0,113.728660256029,"hi",366.305727205647,0
-1.80884458250377,2.22515372057609,49.2871033572034,21.3101450654008,4.00361920407709,"N",4.78028192905612e-05,119,1246.35337379408,0,0,0,1,132.397142134036,"med",515.094441845424,0
-1.74008006403586,-2.31215266972939,64.4673954223318,39.9509330392285,11.1798853125804,"NE",3.485602185172e-05,120,1150.20469341821,0,1,1,0,122.962100656488,"hi",571.472736082141,0
-5.14321675137315,-0.249370836988369,56.1452572699583,39.9812856696532,6.16248199046513,"SE",4.26815701555384e-05,100,1084.64243152415,0,0,0,1,118.27253273734,"hi",302.872719761671,0
0.959529763745756,-0.915243077697827,57.1114620725983,28.7716933436179,5.73983497004892,"NE",4.4152939343547e-05,107,1120.58920814117,0,1,0,1,131.853866570831,"hi",422.19490193354,0
-1.63757810360761,0.60318004777267,58.5167620482632,23.698955841463,4.79590386667821,"SW",4.05246449519102e-05,126,1230.26019392515,0,1,0,0,124.718610754384,"hi",758.394234117687,0
-0.691299516366297,-2.73258576160479,57.3377424409594,26.6964771969338,16.4115226867448,"E",3.73518941067491e-05,100,1093.11140234214,0,0,0,0,115.595858199318,"hi",449.883760473319,1
-4.97852981969467,-0.558299467249903,58.5567185468264,6.85849713656325,11.5305019331856,"NE",3.57750919297067e-05,139,1250.4599500924,0,1,0,0,125.86633788961,"lo",817.669639310944,0
0.305207081344368,0.677659758596399,84.9650899620482,43.7259099336293,17.522526607263,"SW",3.77561295006979e-05,115,1135.27032863894,0,1,0,0,119.940334828912,"lo",552.878745658856,0
0.900379270704091,-1.65285772179104,72.9994601441428,50.6086713094986,13.3374293026602,"SE",4.09704491154727e-05,121,1178.54396392064,0,0,1,0,119.178502171131,"hi",526.675975381325,1
-3.79035199456789,0.977401382015843,90.6576954989872,44.7892612725921,3.50319004293722,"S",4.70579380410087e-05,134,1321.8937684259,0,1,0,0,138.289808217316,"lo",786.75393767683,0
-2.69322132875905,1.27751512232237,83.0403035272694,44.7767289985445,12.9085417336964,"NW",4.33917769049136e-05,131,1253.77208704112,0,1,0,1,136.6737081163,"med",873.173155421693,0
1.87903107352475,2.69306226140915,86.3662775814385,39.2474741439596,15.3435559643473,"NW",4.5979497948414e-05,145,1368.03308889454,1,0,0,0,123.750963963683,"lo",1276.16706128906,1
-4.3228939134643,1.84273337436474,57.3001157003123,22.1311033459124,7.93848690349609,"W",4.94788216100753e-05,123,1305.84464869098,0,0,0,1,141.960367741892,"hi",651.351668378377,0
-4.68103140107675,1.2199682028223,91.6331654256454,49.8571654537194,20.6827490568284,"N",4.18949028891332e-05,137,1245.44164632519,0,1,0,1,134.955803134161,"med",848.556721396643,1
-2.18495445632963,-1.94482366062932,78.1293333358843,42.1429209304378,9.32765297913488,"E",3.83599542358335e-05,118,1072.73520022201,0,1,0,1,118.402523166186,"med",588.940052357961,1
-0.48509280609843,3.2145399426734,76.0061722798773,38.0746570015405,11.7425056841,"S",3.83231156453305e-05,127,1202.1714660324,0,0,1,0,122.645461124114,"hi",803.762365951361,1
1.09044462615122,-0.776280235973503,81.6180261486627,60.286299883711,21.4865493860553,"SE",4.11502306164921e-05,111,1147.00987929033,0,0,1,0,117.763014194352,"hi",588.753813747918,1
-3.82959535269884,1.66916813695514,70.8100316919113,36.7173452017962,17.6601459442218,"S",4.26572560030623e-05,120,1216.3507228766,0,0,0,1,137.860183900042,"hi",748.139327921318,1
1.32772042784831,-0.852008219055308,50.3985929185509,24.8606161752571,14.0319323091428,"N",3.39346286075947e-05,92,955.447914192989,0,0,0,1,113.65884578984,"hi",195.005704335765,1
-3.42270660377755,0.700262611419,64.8215571085467,32.3935254831072,2.00681862708807,"S",4.43895077863351e-05,122,1208.81225665348,0,1,0,1,130.777357203301,"med",542.30795977241,0
-0.665476190705913,-4.48275929440697,112.536452655947,76.2292992918747,12.4230924468482,"SW",4.61477427214391e-05,141,1349.87515443962,0,1,0,1,143.2077899776,"lo",1034.75843558829,1
-1.00501791280128,-1.14509913942726,57.954833435039,20.2916798880402,7.85014000327613,"SW",3.75670598622045e-05,109,1100.15008720084,0,1,1,0,115.907674240885,"hi",425.38085355532,0
-1.01281227609264,1.73959881661281,80.3536216963349,65.1550517603009,12.8446998386559,"W",4.53054146134644e-05,107,1145.04997837892,0,1,0,1,134.009493636054,"hi",443.244399944223,0
-4.49384669811618,-1.08942982420355,100.452677701432,51.8047844950862,8.12154946715365,"SW",3.96803459607779e-05,158,1322.61251503083,0,1,0,1,148.610063507374,"lo",986.649065975807,1
-1.09601668161442,2.90553971314951,52.0952079398798,21.1567307452618,2.87405111235217,"N",3.14032656026309e-05,113,1052.71345773851,0,0,0,1,117.939536083018,"hi",469.571136973506,0
-0.0957062467348586,-1.73790785247305,75.0739440460626,34.9882308928358,11.9220905861014,"W",3.73722284381695e-05,135,1282.67514023838,0,1,0,1,142.881788715442,"hi",905.546014905346,1
1.03714826974943,2.13439859319617,88.3592613699001,41.4521675157494,4.77142298121619,"N",4.09801545062989e-05,144,1287.1502257247,0,1,1,0,138.505419886875,"lo",965.214109873641,0
-11.0613051882299,-2.30111815274368,62.2027412345728,27.2040146787874,5.37486663165541,"NE",2.97180318704881e-05,95,931.370820844951,0,0,1,0,95.2412260680344,"med",425.390437850809,0
0.982427833022991,-1.15858666846842,76.2238382936336,24.4616928073608,16.6298749206923,"N",4.34680368443639e-05,132,1290.2274196002,0,1,0,1,137.428630103889,"lo",729.451632434721,1
-2.91313428524337,-2.98737521514795,62.731343324307,34.1095514565019,6.14672792067201,"W",3.56738042928639e-05,103,1032.23885865913,0,1,0,1,118.276412040482,"med",324.624461542075,0
-3.19857725749013,1.39402129585993,73.4339219964562,44.3775824202929,10.6234684525702,"N",3.95937238479535e-05,124,1200.33807729084,0,1,0,1,134.443326756307,"hi",721.204036745687,0
0.868274716104872,-7.19884346363934,65.2860836057082,31.0446448333971,0.695332286872189,"E",4.60354787158653e-05,140,1326.87405663647,0,0,0,0,129.603416614226,"hi",851.044779822759,0
-0.389934583472982,-5.72618299805378,97.7724669924933,54.2028442131622,1.02033749680862,"SE",4.59333156093042e-05,145,1301.17899402072,0,1,0,1,144.962379854947,"lo",961.859454309292,0
3.44451447264311,-5.64917591035668,59.4032975731857,9.84832918835992,9.61782108336366,"NW",3.25330121030587e-05,125,1077.32514721068,0,0,0,1,118.041161044037,"lo",716.520707438334,0
2.10127295262419,-4.57901882005445,77.7864007522353,27.4457894288149,14.9080480758136,"S",4.75520576073271e-05,148,1415.06246813988,1,0,1,0,124.363047358704,"lo",1364.81320335263,1
-1.00913843431182,-8.85939592189047,74.4641254552983,46.9000706788135,13.9539251122713,"W",4.00053523192219e-05,132,1209.7222326495,0,0,1,0,125.465872369057,"med",765.289388214799,1
0.81408011308476,-8.35373124251235,104.936895125592,51.7990728070716,1.00065637102544,"SW",4.38344889318533e-05,153,1415.93852573288,1,0,0,0,122.057692786608,"lo",1502.77375036846,0
5.45811353844177,-5.15070898829297,75.6811461725207,32.8367161637699,11.5285152552118,"E",3.66637661905841e-05,123,1108.35772016286,0,1,0,1,124.511762701993,"med",662.44687433453,1
4.30169534303738,-3.91263914946265,84.8658595365147,30.3782110270292,7.54611604415821,"NW",4.13828632999971e-05,124,1191.30273174102,0,1,1,0,121.093237872981,"lo",599.168861818119,0
1.60290834265771,-7.73080484558385,73.9174519029822,36.2239739543146,6.33710629837102,"S",4.83524267771638e-05,129,1344.46325352121,1,0,0,0,116.876938737452,"hi",1116.86415766542,0
1.57235493882016,-10.345079224975,54.2281521159995,15.1598185127811,6.45356311740472,"NE",4.13253605047796e-05,127,1167.96364186342,0,0,1,0,113.309681677753,"hi",686.460794100352,0
6.41782265630717,-4.91244482120536,42.6477513110237,16.945463089148,11.6903329806145,"E",4.33248242687068e-05,115,1184.96246574599,0,1,1,0,119.031604099884,"hi",485.363203450022,1
4.59981609760055,-4.73349022552373,74.7773542856469,26.9435591271503,18.1094499897636,"NW",3.62408076401336e-05,142,1229.57945822179,0,1,0,1,135.75810179133,"hi",871.600183304587,1
5.2912891550537,-5.36551934468612,74.829376052345,44.2425738363803,8.26764083432462,"E",4.53022180200988e-05,125,1239.48947750438,0,1,1,0,126.970682346854,"hi",646.628741858515,1
2.65241891236029,-5.05699882494678,60.3683901723303,15.7628642715452,7.70709282947531,"N",4.05206191610307e-05,116,1114.83611092469,0,1,0,1,126.759955571506,"med",563.469628053321,0
3.73451902083016,-5.07072016915865,87.2807744735761,41.6151065299952,19.3890617433332,"SW",3.95434265526716e-05,122,1165.46928374142,0,1,0,1,130.325430107891,"lo",695.626045184018,1
1.16805968751823,-6.96378100150375,69.6580145192128,38.4628975449956,7.9412914486994,"W",3.53143296706587e-05,114,1068.01892566591,0,0,1,0,108.701732532872,"hi",513.922326425452,0
5.54779571431498,-9.21659506706234,71.8348953095152,24.6298457895128,4.32631551133272,"SE",4.12676427834701e-05,136,1210.89562335177,0,1,1,0,120.782763581672,"lo",778.633456692764,0
0.885960382601724,-7.62736479057797,83.9543521825459,46.4997208399309,11.9558987553602,"NW",4.36657245010625e-05,101,1089.80467739034,0,1,0,1,121.677666237141,"hi",424.163152539623,1
6.21182229151916,-3.38293534496683,47.6637667253569,1.20004901939926,10.1138526202528,"S",3.87759566503676e-05,108,1064.6026991858,0,1,0,1,120.397840272122,"med",421.605019065106,0
3.51564569364372,-3.70075434917718,60.8822940901628,32.7813173077679,14.2166701548485,"SW",4.23110173270623e-05,106,1134.61209688083,0,1,0,1,126.750526469422,"hi",460.828261099441,0
1.03141758745615,-9.53278138387187,96.9722250791359,61.6935340359674,16.7046731461898,"N",3.98091248035097e-05,133,1225.59698517016,0,0,0,0,126.039190383405,"med",839.291284980241,1
2.52503685389826,-7.03614285044207,58.5069563356201,26.9805588477058,6.73564071704874,"E",3.71499857804244e-05,106,1091.11973967161,0,0,1,0,110.889639783817,"med",585.984148852989,0
2.25865593589795,-8.06725760074514,55.3665785939726,14.2936487144672,24.602195065978,"NE",3.96384368529901e-05,110,1117.6963884836,0,0,0,1,130.97821255331,"hi",494.044856848603,1
1.68698358464603,-5.99614165447234,55.4446923009212,20.0689536674091,10.9873314675897,"SE",3.87592072711432e-05,94,1007.7733776763,0,0,1,0,99.8186826684017,"hi",158.579716798348,1
3.23409240134179,-8.93208954391325,59.715437262481,22.4019148530211,5.91519283156676,"W",3.04525656285645e-05,93,934.279507615374,0,1,1,0,102.631797017679,"hi",407.793889655748,0
2.03687502336086,-5.9764621538534,78.9163140457574,49.9059549440191,15.5765644963247,"W",3.26859902276063e-05,110,1026.58748757149,0,1,0,0,109.898351041005,"hi",463.658822203885,1
3.20935869117659,-5.37056502963544,110.40064190886,54.5942003078564,11.309634332027,"E",4.95977057369155e-05,136,1317.19098737658,0,1,0,1,142.775163847,"lo",846.884215457924,0
1.04589920342284,-6.58038800296878,60.8486496136457,19.0696605788698,5.0298137802735,"SE",4.22925493325106e-05,116,1143.81526031166,0,1,1,0,120.188146765752,"med",595.984933604948,0
5.96821517071408,-4.56577187344294,97.8077957525278,50.3968997603734,9.18850634601305,"NW",4.23170305373842e-05,144,1272.53711895936,0,1,0,1,140.360006438225,"lo",831.85235840262,0
6.33184794403624,-5.07472332323881,69.9976909728839,57.9916771713092,16.3270089917399,"S",3.69928448399125e-05,108,1042.73818585185,0,1,1,0,111.501462593575,"hi",436.116674202405,0
-1.44118100351597,-6.19706978681325,105.843408643207,67.5143262927877,17.0586105732652,"NW",3.96600106166201e-05,136,1248.36745386622,0,0,1,0,127.616820582918,"lo",918.674738180785,1
3.10753236197423,-3.26250537063372,77.8441954677371,38.492918106721,10.809535447751,"NW",4.16940715727262e-05,125,1165.29673381217,0,1,1,0,121.899893784649,"lo",816.997400489619,0
2.07277892188885,-8.16471168664323,69.9026480595744,32.4141201414219,4.45037637140479,"SE",4.25851945847813e-05,119,1183.89408852048,0,1,0,1,134.283997037735,"hi",623.564528201265,0
1.31324069796996,-9.57020052935788,73.7189239956298,47.9500985467198,9.00879999379924,"E",3.47066545294573e-05,111,1065.01099526699,0,0,0,1,124.486549927861,"hi",362.155092872942,0
1.27257175519711,-8.37997690585045,53.9397209863451,20.305506918681,9.46949154292586,"N",3.68598059689824e-05,110,1053.76944620019,0,1,0,1,118.620542445562,"hi",514.821784524416,0
3.72805528381269,-5.088511360574,66.2298226754539,19.0840472556136,13.9293936444035,"W",3.73700353681725e-05,129,1211.84231221468,0,0,1,0,121.59950016217,"lo",512.810545670597,1
3.46916387565734,-7.6753690182398,62.645147624391,45.6659353493679,12.3146968589877,"NE",4.30315832829871e-05,99,1111.21728346997,0,0,0,0,112.658460985446,"hi",406.278256328266,1
4.86783803465771,-5.32299067727603,62.8181173896379,25.8592013879665,6.08020297766395,"NW",3.58812091537495e-05,111,1073.91213039413,0,1,0,1,123.529700603445,"hi",391.987432417354,0
0.422567529126934,-10.5325081788737,81.6950140587716,37.2495904898724,14.6894305324465,"SE",4.58820586519814e-05,147,1341.14148953851,0,0,0,1,146.591136502171,"lo",1017.29731916144,1
4.23996385441414,-3.26945925340893,57.3199203336167,17.9069613940098,11.9877796261429,"SE",4.31065762107019e-05,123,1174.37551746137,0,1,1,0,124.51366621345,"hi",624.599386479951,0
1.81619975899626,-7.05362598470368,84.6011724199999,43.2524880276582,15.2294652658564,"S",4.1759644488939e-05,129,1183.20169806989,0,1,1,0,122.96407012641,"lo",694.118622193342,1
-0.751986365596546,-7.82010827293856,82.1408446427168,86.4548562739893,15.7838271766827,"NE",3.2468808298228e-05,79,861.973968442903,0,0,0,1,98.3053466152347,"hi",111.403929662794,1
4.2650153247536,-7.14127740097462,90.8293166892582,71.0933619694677,1.73086661842928,"SW",4.43319279173144e-05,118,1190.21721471576,0,1,0,0,125.036352541104,"hi",618.447891989705,0
6.09022759999568,-1.66722154590916,95.1639075760572,80.0759902172558,12.8916290465083,"E",4.39111528319343e-05,125,1213.87026069153,0,0,0,1,131.913425542241,"hi",809.546084024565,1
5.11851737589583,-7.47844380911521,121.248633186051,62.1314161450575,11.5333788328539,"NE",4.9089349049993e-05,146,1381.4179556339,1,0,1,0,124.44314511072,"lo",1440.89217616408,1
6.26880948932777,-2.9549063955508,31.110948577641,3.39116493379129,9.10000250720532,"E",3.33812087506635e-05,110,1011.08395872948,0,1,0,1,109.094398037362,"hi",407.974732998411,1
1.38705966567642,-8.24344866491275,104.95131588191,78.7972671422934,3.2969394826877,"W",4.62979626177133e-05,131,1279.57947267855,0,1,0,1,143.973249070465,"hi",719.744010115536,0
0.9021893333676,-4.25419903555448,100.842426505938,64.0348682584734,18.5737056131081,"N",4.60542488908232e-05,142,1326.71818861865,0,1,1,0,137.942746391952,"hi",914.973916546722,1
0.541703503524078,-8.95840095514889,63.6102644602334,42.027688929139,9.09492693010694,"N",3.91419442843135e-05,105,1013.37906334955,0,0,1,0,102.120379211924,"hi",382.110434888613,0
-0.0824357356214862,-7.04068484038545,83.0448499983553,42.4296216377697,3.22740615626442,"SW",4.6098840845432e-05,134,1281.76293165428,0,1,1,0,129.973421622678,"med",896.204154993637,0
5.09686342978787,-3.76319776844881,57.7089951194776,33.475332795618,14.6510455139146,"S",3.9942571653887e-05,107,1134.49982585777,0,1,1,0,119.416250194708,"hi",568.677568183137,1
2.4466075442204,-5.66716730422162,89.6221403174828,71.6185865135991,18.5656720923511,"NE",3.69320583351024e-05,109,1091.86270922207,0,0,0,1,117.604347468665,"hi",474.810660997328,1
1.95867071197163,-8.31221331504056,77.3575501070587,33.4199954450654,12.1289164512651,"E",4.17772095864858e-05,118,1169.48519791195,0,0,0,1,132.690244863276,"med",583.578031042043,1
1.2373977998932,-4.94898890482629,60.3284239549177,53.591142119969,4.62678073745008,"S",4.17211146993536e-05,109,1124.3853915164,0,0,0,1,127.903443752146,"hi",418.423952037794,0
2.85886824600947,-6.96927594754715,64.8346389402475,40.8504752456067,7.00451721263947,"N",4.36370570868671e-05,132,1240.69377909136,0,1,1,0,128.081971220956,"hi",721.685037496162,0
4.14490002879209,-9.79835425391631,69.8865876721998,34.198299143507,10.3594323824669,"N",3.8152970395636e-05,118,1139.08168282945,0,0,0,0,117.672587937004,"hi",632.240698300827,0
1.71836683395593,-9.4384905609486,60.1038971181297,28.4931854868367,12.4431443276406,"S",4.0098301127759e-05,95,997.949541439385,0,0,0,1,105.472949618936,"med",300.097846989895,0
2.88524779845586,-5.14315725060766,47.108445183576,15.5868252118787,3.988454215635,"E",3.8239527990308e-05,113,1116.0053117411,0,1,1,0,116.422872029762,"hi",563.943221338764,0
2.00799987378615,-9.89146779252805,77.3775548030542,42.5219497213071,19.6204124965012,"W",3.95429261815358e-05,123,1109.00727860001,0,0,0,1,125.346039206648,"lo",640.456586752487,1
5.189811022526,-2.64456227230127,82.7855478569071,51.1711525455067,17.5635813557515,"N",4.8652423693037e-05,119,1224.18297733496,0,1,0,0,121.260774856874,"med",638.155318850567,1
2.27907241124565,-5.50165881512892,65.2863807003276,29.6668531136932,7.80283727332776,"SW",3.88022154167795e-05,123,1127.95700497412,0,1,1,0,117.596663865725,"med",507.525711685196,0
3.47577777614815,-7.57349516084207,88.4751003621249,32.4607338126031,6.5533050170279,"E",4.57934546147265e-05,179,1491.67051722755,1,0,0,0,129.152332865053,"lo",1806.52133425413,0
-0.148831392357333,-7.4131043415241,80.0856187533379,43.3215705127249,12.996487539171,"S",4.08586074773591e-05,136,1309.75251724279,0,0,0,1,140.780948442796,"hi",916.820874465851,1
1.18339582353437,-6.5686623102598,66.2688803618263,37.3263334819788,19.6044382056491,"NE",4.01958689713662e-05,143,1234.97844214138,0,0,0,1,138.103862048893,"hi",861.657930874058,1
-3.49319561825584,-13.9271973891788,81.399537341735,60.9296462038026,18.5404510425412,"NW",4.15552530964891e-05,103,1075.58540465734,0,0,1,0,107.950101428041,"hi",394.672554686032,1
4.95669200821272,0.39012080279122,64.4883027173466,30.6551415242101,9.67297469792803,"N",4.21038731154614e-05,122,1168.14784602356,0,1,1,0,119.620319612383,"hi",740.568534264585,0
7.66962210628497,-6.54861820272158,68.5455563704004,26.2684517696029,15.2795234381491,"NE",3.68220983111264e-05,99,961.462276165224,0,0,0,1,111.116291798237,"lo",293.850428350999,1
4.49092641304839,-6.12110602915538,62.9869291355156,26.4988418328071,13.2423964312276,"S",3.71401359859235e-05,106,1095.153601451,0,1,0,1,129.162698333271,"med",379.696551941536,0
3.0205463474725,-5.2932100550121,38.9439629758945,8.89703573461903,13.9299445662433,"E",3.28322707594748e-05,88,941.830534929369,0,0,1,0,98.5075938936485,"hi",250.156535653097,1
4.24222083533342,-8.10545749140635,79.1503156407273,43.5593135697244,11.1855120641554,"SW",3.43783807585306e-05,121,1139.91926087152,0,0,1,0,119.300363120597,"lo",549.893486197532,1
2.29815585511394,-2.9460932768479,65.0748917035651,31.0544045901048,18.2571994087942,"SE",4.07428622810449e-05,119,1154.69978009565,0,0,0,1,127.397618797227,"hi",725.42840920997,1
8.76543385844906,-2.20742970800111,63.6383890079022,17.0687687796826,7.5884660714558,"N",4.49623584577718e-05,131,1280.08141045971,0,0,0,1,142.42770229907,"lo",755.563479729646,0
2.75934962048108,-4.96347321662508,65.9984550752168,36.2692216889998,11.0850921790579,"SW",4.271466627568e-05,105,1119.31054731712,0,0,1,0,113.668525893935,"med",391.551308157945,1
1.78283548404974,-6.2969556999599,41.4478351706981,1.99406421493176,12.9227257405636,"NW",3.27708759465677e-05,101,979.575069858577,0,1,1,0,103.148103376463,"hi",339.228346519353,0
4.04231002896921,-9.30316997270098,94.7494002110118,37.4852619724936,14.3109801584398,"NW",4.80772690491369e-05,158,1463.28543405136,1,0,1,0,130.658173170058,"lo",1415.4700444842,1
1.15044018462244,-6.20721610214495,73.0502675798344,41.6847622878031,13.4717599235242,"W",3.7630335570387e-05,116,1108.87396854215,0,1,0,1,130.238383732463,"hi",498.431270202083,1
6.04866446704378,0.590215369106625,70.4302912731952,48.9636903312806,9.22098734229911,"SW",3.62486220883583e-05,127,1159.79411763967,0,1,1,0,126.542138823247,"hi",639.656067031458,0
3.79097969701054,-4.80520597838443,75.4627874944383,42.7472240740199,21.8029956075394,"N",3.57640127975592e-05,134,1256.57502006639,0,1,1,0,128.952081819639,"hi",871.361454499877,1
6.02012478299117,-4.37904107468398,78.1675778583105,51.0106566555944,0,"SW",3.24129679369494e-05,121,1059.07376738313,0,0,1,0,105.971681469627,"hi",663.603129821924,0
3.56955644048873,-4.24005963668509,81.689092810789,44.7056576637852,11.0767603557012,"W",3.64109439079501e-05,118,1093.8007350784,0,1,0,1,126.984936195271,"med",595.746266436722,0
4.57592603482035,-2.69761687480339,57.9020063057818,41.994805908681,4.92307428873571,"SE",4.62378626626219e-05,109,1201.70840383722,0,0,0,0,126.010014367214,"hi",584.260291780078,0
5.97236678792552,-3.15481602387981,34.4418026855026,0.41786267286578,6.11922838958792,"NE",3.84583731369831e-05,109,1058.52658913359,0,0,0,1,117.142994110266,"hi",280.494504254002,0
0.167510618472273,-6.38912631310924,69.5418261224533,53.5785460157064,2.57963149110632,"W",3.90912557568349e-05,109,1075.51429289023,0,1,0,1,127.005608889322,"hi",214.413758130078,0
1.35549076051246,-7.53998701811462,70.6175569094036,14.3338109514421,0,"NE",4.16333063264374e-05,126,1191.5761169842,0,0,1,0,117.288769262677,"med",748.846816321676,0
1.98351533671474,-5.76079333633907,71.1224056455274,32.109043105434,18.7826881847383,"NE",3.47008648636265e-05,122,1097.03499284914,0,1,1,0,114.294341376689,"med",612.574950791989,1
0.832709180531061,-8.95726079412441,79.8691796610807,36.5278760426615,8.32042997634129,"W",4.06793184106247e-05,116,1226.34100054152,0,0,0,0,126.585373157938,"lo",749.745041651602,0
3.92249322602185,-5.91737108862306,65.6152852085247,56.2142005059796,5.41851836306277,"SW",3.88263464613979e-05,89,997.068964573773,0,1,0,0,102.044664906834,"hi",248.810198577829,0
2.81383164983113,-2.07807496820618,74.5114713145008,42.9620124528344,11.9254804741865,"NE",3.66901913592522e-05,114,1090.66026763897,0,1,1,0,113.690180115394,"hi",476.192645490763,1
0.489591119200977,-8.51166113616619,44.6834951253604,16.209884126873,13.6013539306632,"S",3.82911153827632e-05,89,971.692795786752,0,0,0,0,103.001833939981,"hi",228.045981700691,1
1.39389377771165,-6.32458370885135,47.5341683107751,8.35535324343811,9.60911075031326,"SE",4.24619257714518e-05,111,1090.79105982934,0,1,1,0,113.683042840553,"hi",488.110586542128,1
3.87397044596146,-4.52378416015816,71.8240900832401,20.745187581046,14.2559779564996,"E",4.26589149124123e-05,119,1206.90234534142,0,1,0,1,139.188630274478,"med",692.25557698328,1
-0.64834009468238,-9.31621598474113,73.9265017841451,53.4279686689186,12.996377856977,"NW",4.62951297927751e-05,113,1150.8630478987,0,0,0,1,126.174826427641,"hi",571.360536365514,1
5.04547302016709,-4.62954369482575,87.3449658067118,56.5300788878316,14.7556490226852,"SE",4.13397353091419e-05,133,1233.78713832851,0,1,0,0,126.999381183483,"med",822.717391758185,0
-0.573737474206882,-9.41894096503889,68.7619007775487,40.0956285869129,15.2728630027267,"SW",4.25918874988274e-05,151,1289.61837695515,0,0,1,0,129.910368923832,"hi",1091.33138872954,1
4.19029995175446,-6.01789850651622,54.4436447972036,23.5944769727208,14.5283297083526,"E",4.35414728258035e-05,111,1100.09461007022,0,1,0,0,111.732819257194,"hi",571.433137062741,1
-2.11763652578215,-12.3877090481018,89.9062091937349,29.8871767688546,8.49462089638641,"NE",4.34215583726287e-05,155,1386.6526271016,1,0,1,0,121.594465798668,"lo",1260.70474720307,0
2.1823233883447,-7.11044722895312,54.145086219419,14.0830443375177,17.5223979281048,"E",4.31203684401805e-05,142,1194.19820094123,0,1,0,1,133.453057441035,"hi",692.367830359598,1
5.43658337248396,-3.28649984143765,66.1141523645747,30.6974038551459,1.65219802454737,"SW",4.01364373094445e-05,118,1162.07052484747,0,1,0,1,131.74811863778,"lo",492.065335077031,0
3.87935434279558,-4.27406333392738,31.2187026224056,0,7.27025748889898,"E",3.55463571297174e-05,88,1012.64554030106,0,1,0,1,119.805952409864,"hi",136.674097906407,1
-0.302827463692272,-8.63895576005242,74.4174860874805,29.0829616968763,16.9195051831565,"W",3.71807812763882e-05,126,1145.648587677,0,0,0,1,127.599296903096,"lo",691.564332523711,1
3.34043203112561,-5.02691835143764,86.2572093240014,50.9325272278766,10.9538287630148,"N",4.34142635122205e-05,141,1332.56278607635,0,1,0,1,151.23491663215,"hi",851.262084864988,0
2.37323490354628,-7.41125880205109,92.0669632799104,49.2631573791905,4.39231125514531,"NW",4.0066341315102e-05,152,1359.57605500202,1,0,0,0,115.373761011539,"lo",1246.4912338547,0
0.550394737148857,-6.85137754712818,78.8759518114005,37.2148040128509,19.3262151456082,"S",3.71952733078081e-05,113,1070.49860673298,0,1,0,1,126.517722625452,"lo",509.784672634936,1
5.3653300267031,-3.86697272043598,79.3735999114283,42.7748938798021,12.0807571243603,"NE",4.60357883895184e-05,128,1273.6999453941,0,1,0,1,142.413267683654,"med",846.705611519031,1
5.9589806220411,-4.97530636666884,77.8645776999674,44.7385648470324,11.269097734358,"NW",4.02061334839107e-05,122,1133.17464728148,0,1,0,1,128.566695862341,"med",610.056881409918,0
4.83515791155262,-4.43444076173915,77.0957439619303,34.4448507298358,5.43985740340429,"S",4.5576123309748e-05,131,1306.92726113424,0,1,0,0,138.910057845684,"med",896.484081480642,0
6.14016690950322,-3.84775148074503,82.8627803950603,53.3641835338817,18.7668353836918,"SW",3.97554149944135e-05,132,1192.54362260098,0,0,1,0,122.533570338704,"hi",744.254372128914,0
